Festival_name,Tithi,Nakshatra,tamil_month,tamil_day,vaara,adhik_maasa,calendar_type,icon_file,Festival_en,Festival_ta,Festival_te,Festival_ka,Festival_hi,Festival_ml
Aadi Perukku,,,4,18,,,0,aadi_perukku.png,Aadi Perukku,ஆடி பெருக்கு,ఆది పెరుక్కు,ಆದಿ ಪೆರುಕ್ಕು,आदि पेरुक्कु,ആടി പെരുക്ക്
Akhuratha Sankashti,19,,10,,,,2,chathurthi.png,Akhuratha Sankashti/Sankatahara Chathurthi,அகுரத சங்கஷ்டி/சங்கடஹர சதுர்த்தி,అఖురథ సంక్షోభి/సంకటహర చతుర్థి,ಅಖುರಾತ ಸಂಕಷ್ಟಿ/ಸಂಕಷ್ಟಹರ ಚತುರ್ಥಿ,अखुरथ संकष्टी/संकटहर चतुर्थी,അഖുരത പ്രതിസന്ധി/സങ്കടഹര ചതുർത്ഥി
Akshaya Tritiyai,3,,2,,,,0,festival.png,Akshaya Tritiyai/Akha Teej,அக்ஷய திரிதியை/அகா தீஜ்,అక్షయ తృతీయై/అఖ తీజ్,ಅಕ್ಷಯ ತೃತೀಯೈ/ಅಖಾ ತೀಜ್,अक्षय तृतीयाई/आखा तीज,അക്ഷയ തൃതീയ/അഖ തീജ്
Amalaka Ekadashi,11,,12,,,,2,ekadashi.png,Amalaka Ekadashi,அமலகா ஏகாதசி,అమలక ఏకాదశి,ಅಮಲಕ ಏಕಾದಶಿ,आमलका एकादशी,അമലക ഏകാദശി
Anant Chaturdashi,14,,6,,,,2,festival.png,Anant Chaturdashi,அனந்த சதுர்தசி,అనంత చతుర్దశి,ಅನಂತ ಚತುರ್ದಶಿ,अनंत चतुर्दशी,അനന്ത ചതുർദശി
Annada Ekadashi,26,,6,,,,2,ekadashi.png,Annada/Aja Ekadashi,அன்னதா/அஜ ஏகாதசி,అన్నద/అజ ఏకాదశి,ಅನ್ನದ/ಅಜ ಏಕಾದಶಿ,अन्नदा/अजा एकादशी,അന്നദ/അജ ഏകാദശി
Anuvashtaka Srartha tithi,24,,6,,,,0,srartha.png,Anuvashtaka Sratha tithi Sratha tithi,அனுவாஷ்டக ஸ்ரார்த்த திதி,అనువాష్టక స్రార్థ తిథి,ಅನುವಾಷ್ಟಕ ಶ್ರಾರ್ಥ ತಿಥಿ,अनुवाष्टका श्रार्थ तिथि,അനുവാഷ്ടക സ്രാർത്ത തിഥി
Anuvashtaka Srartha tithi,24,,9,,,,0,srartha.png,Anuvashtaka Sratha tithi Sratha tithi,அனுவாஷ்டக ஸ்ரார்த்த திதி,అనువాష్టక స్రార్థ తిథి,ಅನುವಾಷ್ಟಕ ಶ್ರಾರ್ಥ ತಿಥಿ,अनुवाष्टका श्रार्थ तिथि,അനുവാഷ്ടക സ്രാർത്ത തിഥി
Anuvashtaka Srartha tithi,24,,10,,,,0,srartha.png,Anuvashtaka Sratha tithi Sratha tithi,அனுவாஷ்டக ஸ்ரார்த்த திதி,అనువాష్టక స్రార్థ తిథి,ಅನುವಾಷ್ಟಕ ಶ್ರಾರ್ಥ ತಿಥಿ,अनुवाष्टका श्रार्थ तिथि,അനുവാഷ്ടക സ്രാർത്ത തിഥി
Anuvashtaka Srartha tithi,24,,11,,,,0,srartha.png,Anuvashtaka Sratha tithi Sratha tithi,அனுவாஷ்டக ஸ்ரார்த்த திதி,అనువాష్టక స్రార్థ తిథి,ಅನುವಾಷ್ಟಕ ಶ್ರಾರ್ಥ ತಿಥಿ,अनुवाष्टका श्रार्थ तिथि,അനുവാഷ്ടക സ്രാർത്ത തിഥി
Anuvashtaka Srartha tithi,24,,12,,,,0,srartha.png,Anuvashtaka Sratha tithi Sratha tithi,அனுவாஷ்டக ஸ்ரார்த்த திதி,అనువాష్టక స్రార్థ తిథి,ಅನುವಾಷ್ಟಕ ಶ್ರಾರ್ಥ ತಿಥಿ,अनुवाष्टका श्रार्थ तिथि,അനുവാഷ്ടക സ്രാർത്ത തിഥി
Apara Ekadashi,26,,3,,,,2,ekadashi.png,Apara Ekadashi,அபர ஏகாதசி,అపర ఏకాదశి,ಅಪರ ಏಕಾದಶಿ,अपरा एकादशी,അപാര ഏകാദശി
Arudra Darshan,,6,9,,,,0,arudra_darshan.png,Arudra Darshan,ஆருத்ரா தரிசனம்,ఆరుద్ర దర్శనం,ಆರುದ್ರ ದರ್ಶನ,अरुद्र दर्शन,ആരുദ്ര ദർശനം
Ashadha Ekadashi,11,,4,,,,2,ekadashi.png,Ashadha Ekadashi,ஆஷாட ஏகாதசி,ఆషాఢ ఏకాదశి,ಆಷಾಢ ಏಕಾದಶಿ,आषाढ़ एकादशी,ആഷാഢ ഏകാദശി
Ashtaka Srartha tithi,23,,6,,,,0,srartha.png,Ashtaka Sratha tithi Sratha tithi,அஷ்டக ஸ்ரார்த்த திதி,అష్టక స్రార్థ తిథి,ಅಷ್ಟಕ ಶ್ರಾರ್ಥ ತಿಥಿ,अष्टका स्रार्थ तिथि,അഷ്ടക സ്രാർത്ത തിഥി
Ashtaka Srartha tithi,23,,9,,,,0,srartha.png,Ashtaka Sratha tithi Sratha tithi,அஷ்டக ஸ்ரார்த்த திதி,అష్టక స్రార్థ తిథి,ಅಷ್ಟಕ ಶ್ರಾರ್ಥ ತಿಥಿ,अष्टका स्रार्थ तिथि,അഷ്ടക സ്രാർത്ത തിഥി
Ashtaka Srartha tithi,23,,10,,,,0,srartha.png,Ashtaka Sratha tithi Sratha tithi,அஷ்டக ஸ்ரார்த்த திதி,అష్టక స్రార్థ తిథి,ಅಷ್ಟಕ ಶ್ರಾರ್ಥ ತಿಥಿ,अष्टका स्रार्थ तिथि,അഷ്ടക സ്രാർത്ത തിഥി
Ashtaka Srartha tithi,23,,11,,,,0,srartha.png,Ashtaka Sratha tithi Sratha tithi,அஷ்டக ஸ்ரார்த்த திதி,అష్టక స్రార్థ తిథి,ಅಷ್ಟಕ ಶ್ರಾರ್ಥ ತಿಥಿ,अष्टका स्रार्थ तिथि,അഷ്ടക സ്രാർത്ത തിഥി
Ashtaka Srartha tithi,23,,12,,,,0,srartha.png,Ashtaka Sratha tithi Sratha tithi,அஷ்டக ஸ்ரார்த்த திதி,అష్టక స్రార్థ తిథి,ಅಷ್ಟಕ ಶ್ರಾರ್ಥ ತಿಥಿ,अष्टका स्रार्थ तिथि,അഷ്ടക സ്രാർത്ത തിഥി
Attukkal Pongala,,11,11,,,,0,festival.png,Attukkal Pongala,ஆற்றுக்கால் பொங்கல்,అట్టుకల్ పొంగల,ಅಟ್ಟುಕಲ್ ಪೊಂಗಲ,अट्टुकल पोंगाला,ആറ്റുകാൽ പൊങ്കാല
Ayyappa Mandala Pooja,,,8,1,,,0,ayyappan.png,Ayyappa Mandala Pooja,ஐயப்ப மண்டல பூஜை,అయ్యప్ప మండల పూజ,ಅಯ್ಯಪ್ಪ ಮಂಡಲ ಪೂಜೆ,अय्यप्पा मंडल पूजा,അയ്യപ്പ മണ്ഡല പൂജ
Baanadha Ashtami,8,,10,,,,2,festival.png,Baanadha Ashtami,பாணதா அஷ்டமி,బాణాధ అష్టమి,ಬಾನದ ಅಷ್ಟಮಿ,बाणधा अष्टमी,ബാനധ അഷ്ടമി
Balachandra Sankashti,19,,1,,,,2,chathurthi.png,Balachandra Sankashti/Sankatahara Chathurthi,பாலச்சந்திர சங்கஷ்டி/சங்கடஹர சதுர்த்தி,బాలచంద్ర కష్టం/సంకటహర చతుర్థి,ಬಾಲಚಂದ್ರ ಸಂಕಷ್ಟಿ/ಸಂಕಷ್ಟಹರ ಚತುರ್ಥಿ,बालचंद्र संकष्टी/संकटहर चतुर्थी,ബാലചന്ദ്ര പ്രതിസന്ധി/സങ്കടഹര ചതുർത്ഥി
Bali Pratipada,1,,7,,,,0,festival.png,Bali Pratipada,பாலி பிரதிபதா,బలి ప్రతిపద,ಬಲಿ ಪ್ರತಿಪದ,बलि प्रतिपदा,ബാലി പ്രതിപദ
Bhadrapaadha Purnima,15,,6,,,,2,festival.png,Bhadrapaadha/Madhu Purnima,பத்ரபாதா/மது பூர்ணிமா,భాద్రపద/మధు పూర్ణిమ,ಭಾದ್ರಪದ/ಮಧು ಪೂರ್ಣಿಮಾ,भाद्रपद/मधु पूर्णिमा,ഭദ്രപാദ/മധു പൂർണിമ
Bhai Dooj,2,,8,,,,2,bhai_tooj.png,Bhai Dooj / Yama Dwitiya,பாய் தூஜ் / யம த்விதியா,భాయ్ దూజ్ / యమ ద్వితీయ,ಭಾಯಿ ದೂಜ್ / ಯಮ ದ್ವಿತೀಯ,भाई दूज / यम द्वितीया,ഭായ് ദൂജ് / യമ ദ്വിതീയ
Bhairavashtami,23,,9,,,,2,festival.png,Bhairavashtami / Kaala Bhairava Ashtami,பைரவாஷ்டமி / கால பைரவ அஷ்டமி,భైరవష్టమి / కాల భైరవ అష్టమి,ಭೈರವಾಷ್ಟಮಿ / ಕಾಲ ಭೈರವ ಅಷ್ಟಮಿ,भैरवाष्टमी/कालभैरव अष्टमी,ഭൈരവാഷ്ടമി / കാലഭൈരവ അഷ്ടമി
Bheeshma Ashtami,8,,11,,,,2,festival.png,Bheeshma Ashtami,பீஷ்ம அஷ்டமி,భీష్మ అష్టమి,ಭೀಷ್ಮ ಅಷ್ಟಮಿ,भीष्म अष्टमी,ഭീഷ്മ അഷ്ടമി
Brahma Savarni Manvadi Srartha tithi,7,,11,,,,0,srartha.png,Brahma Savarni Manvadi Sratha tithi Sratha tithi,பிரம்ம சாவர்ணி மன்வாதி ஸ்ரார்த்த திதி,బ్రహ్మ సావర్ణి మన్వాది స్రార్థ తిథి,ಬ್ರಹ್ಮ ಸಾವರ್ಣಿ ಮನ್ವಾದಿ ಶ್ರಾರ್ಥ ತಿಥಿ,ब्रह्मा सावर्णि मन्वादि श्रार्थ तिथि,ബ്രഹ്മ സാവർണി മാൻവാദി ശ്രാർത്ഥ തിഥി
Buddha Purnima,15,,2,,,,2,festival.png,Buddha Purnima,புத்த பூர்ணிமா,బుద్ధ పూర్ణిమ,ಬುದ್ಧ ಪೂರ್ಣಿಮೆ,बुद्ध पूर्णिमा,ബുദ്ധ പൂർണിമ
Chakshusha Manvadi Srartha tithi,15,,4,,,,0,srartha.png,Chakshusha Manvadi Sratha tithi Sratha tithi,சக்ஷுஷா மன்வாதி ஸ்ரார்த்த திதி,చక్షుషా మన్వాది స్రార్థ తిథి,ಚಕ್ಷುಷಾ ಮನ್ವಾದಿ ಶ್ರಾರ್ಥ ತಿಥಿ,चाक्षुषा मन्वादि श्रार्थ तिथि,ചക്ഷുഷാ മൻവാദി ശ്രാർത്ഥ തിഥി
Chhath Puja,6,,7,,,,0,festival.png,Chhath Puja,சத் பூஜை,ఛత్ పూజ,ಛತ್ ಪೂಜೆ,छठ पूजा,ഛത് പൂജ
Chitra Purnima,15,,1,,,,2,festival.png,Chitra Pournami,சித்ரா பௌர்ணமி,చిత్ర పౌర్ణమి,ಚಿತ್ರ ಪೌರ್ಣಮಿ,चित्रा पूर्णिमा,ചിത്ര പൗർണമി
Daiva Savarni Manvadi Srartha tithi,30,,5,,,,0,srartha.png,Daiva Savarni Manvadi Sratha tithi Sratha tithi,தெய்வ சாவர்ணி மன்வாதி ஸ்ரார்த்த திதி,దైవ సావర్ణి మన్వాది స్రార్థ తిథి,ದೈವ ಸಾವರ್ಣಿ ಮನ್ವಾದಿ ಶ್ರಾರ್ಥ ತಿಥಿ,दैव सावर्णि मन्वादि श्रार्थ तिथि,ദൈവ സാവർണി മാൻവാദി ശ്രാർത്ഥ തിഥി
Daksha Savarni Manvadi Srartha tithi,9,,7,,,,0,srartha.png,Daksha Savarni Manvadi Sratha tithi Sratha tithi,தக்ஷ சாவர்ணி மன்வாதி ஸ்ரார்த்த திதி,దక్ష సావర్ణి మన్వాది స్రార్థ తిథి,ದಕ್ಷ ಸಾವರ್ಣಿ ಮನ್ವಾದಿ ಶ್ರಾರ್ಥ ತಿಥಿ,दक्ष सावर्णि मन्वादि श्रार्था तिथि,ദക്ഷ സാവർണി മാൻവാദി ശ്രാർത്ഥ തിഥി
Devashayani Ekadashi,11,,4,,,,2,ekadashi.png,Devashayani Ekadashi,தேவஷயனி ஏகாதசி,దేవశయని ఏకాదశి,ದೇವಶಯನಿ ಏಕಾದಶಿ,देवशयनी एकादशी,ദേവശയനി ഏകാദശി
Dhanus  Sankranthi,,,9,1,,,0,dhanusu.jpg,Dhanus  Sankranthi,தனுசு சங்கராந்தி,ధనస్సు సంక్రాంతి,ಧನಸ್ಸು ಸಂಕ್ರಾಂತಿ,धनु संक्रांति,ധനുസ് സംക്രാന്തി
Dharma Savarni Manvadi Srartha tithi,11,,10,,,,0,srartha.png,Dharma Savarni Manvadi Sratha tithi Sratha tithi,தர்ம சாவர்ணி மன்வாதி ஸ்ரார்த்த திதி,ధర్మ సావర్ణి మన్వాది స్రార్థ తిథి,ಧರ್ಮ ಸಾವರ್ಣಿ ಮನ್ವಾದಿ ಶ್ರಾರ್ಥ ತಿಥಿ,धर्म सावर्णि मन्वादि श्रार्थ तिथि,ധർമ്മ സാവർണി മാൻവാദി ശ്രാർത്ഥ തിഥി
Diwali (Deepavali),29,,7,,,,0,diwali.png,Diwali (Deepavali),தீபாவளி,దీపావళి,ದೀಪಾವಳಿ,दिवाली (दीपावली),ദീപാവലി
Durgashtami,8,,,,,,0,durgashtami.png,Durga Ashtami,துர்கா அஷ்டமி,దుర్గా అష్టమి,ದುರ್ಗಾ ಅಷ್ಟಮಿ,दुर्गा अष्टमी,ദുർഗ്ഗാഷ്ടമി
Dwapara Yuga Srartha tithi,30,,11,,,,0,srartha.png,Dwapara Yuga Sratha tithi Sratha tithi,துவாபர யுக ஸ்ரார்த்த திதி,ద్వాపర యుగ స్రార్థ తిథి,ದ್ವಾಪರ ಯುಗ ಶ್ರಾರ್ಥ ತಿಥಿ,द्वापर युग श्रार्थ तिथि,ദ്വാപരയുഗ ശ്രാർത്ഥ തിഥി
Dwijapriya Sankashti,19,,12,,,,2,chathurthi.png,Dwijapriya Sankashti/Sankatahara Chathurthi,த்விஜப்ரியா சங்கஷ்டி/சங்கடஹர சதுர்த்தி,ద్విజప్రియ సంక్షోభి/సంకటహర చతుర్థి,ದ್ವಿಜಪ್ರಿಯ ಸಂಕಷ್ಟಿ/ಸಂಕಷ್ಟಹರ ಚತುರ್ಥಿ,द्विजप्रिया संकष्टी/संकटहर चतुर्थी,ദ്വിജപ്രിയ ബുദ്ധിമുട്ടി/സങ്കടഹര ചതുർത്ഥി
Ekadanta Sankashti,19,,3,,,,2,chathurthi.png,Ekadanta Sankashti/Sankatahara Chathurthi,ஏகதந்த சங்கஷ்டி/சங்கடஹர சதுர்த்தி,ఏకదంత సంక్షోభం/సంకటహర చతుర్థి,ಏಕದಂತ ಸಂಕಷ್ಟಿ/ಸಂಕಷ್ಟಹರ ಚತುರ್ಥಿ,एकदंत संकष्टी/संकटहर चतुर्थी,ഏകദന്ത പ്രതിസന്ധി/സങ്കടഹര ചതുർത്ഥി
Gajanana Sankashti,19,,5,,,,2,chathurthi.png,Gajanana Sankashti/Sankatahara Chathurthi,கஜானன சங்கஷ்டி/சங்கடஹர சதுர்த்தி,గజానన ఇబ్బందులు/సంకటహర చతుర్థి,ಗಜಾನನ ಸಂಕಷ್ಟಿ/ಸಂಕಷ್ಟಹರ ಚತುರ್ಥಿ,गजानन संकष्टी/संकटहर चतुर्थी,ഗജാനന പ്രതിസന്ധി/സങ്കടഹര ചതുർത്ഥി
Ganadhipa Sankashti,19,,9,,,,2,chathurthi.png,Ganadhipa Sankashti/Sankatahara Chathurthi,கணாதிப சங்கஷ்டி/சங்கடஹர சதுர்த்தி,గణాధిప సంక్షోభి/సంకటహర చతుర్థి,ಗಣಾಧಿಪ ಸಂಕಷ್ಟಿ/ಸಂಕಷ್ಟಹರ ಚತುರ್ಥಿ,गणाधिप संकष्टी/संकटहर चतुर्थी,ഗണാധിപ പ്രതിസന്ധി/സങ്കടഹര ചതുർത്ഥി
Ganga Jayanthi,7,,2,,,,2,festival.png,Ganga Jayanthi/Sapthami,கங்கா ஜெயந்தி/சப்தமி,గంగా జయంతి/సప్తమి,ಗಂಗಾ ಜಯಂತಿ/ಸಪ್ತಮಿ,गंगा जयंती/सप्तमी,ഗംഗാ ജയന്തി/സപ്തമി
Gangaur,3,,1,,,,0,festival.png,Gangaur/Gauri Trithyai,கங்கௌர்/கௌரி திரிதியை,గంగౌర్/గౌరీ తృత్యై,ಗಂಗೌರ್/ಗೌರಿ ತೃತ್ಯೈ,गणगौर/गौरी तृतीयाई,ഗംഗൗർ/ഗൗരി തൃത്യൈ
Gayathri Japam,16,22,4,,,,0,upakarma.png,Upakarma (rig/yajur)/Aavani avittam,காயத்ரி ஜபம்,ಗಾಯತ್ರಿ ಜಪ,ಗಾಯತ್ರಿ ಜಪ,गायत्री जपम,ഗായത്രി ജപം
Gayathri Japam,16,22,5,,,,0,upakarma.png,Upakarma (rig/yajur)/Aavani avittam,காயத்ரி ஜபம்,ಗಾಯತ್ರಿ ಜಪ,ಗಾಯತ್ರಿ ಜಪ,गायत्री जपम,ഗായത്രി ജപം
Gayathri Japam,16,23,4,,,,0,upakarma.png,Upakarma (rig/yajur)/Aavani avittam,காயத்ரி ஜபம்,ಗಾಯತ್ರಿ ಜಪ,ಗಾಯತ್ರಿ ಜಪ,गायत्री जपम,ഗായത്രി ജപം
Gayathri Japam,16,23,5,,,,0,upakarma.png,Upakarma (rig/yajur)/Aavani avittam,காயத்ரி ஜபம்,ಗಾಯತ್ರಿ ಜಪ,ಗಾಯತ್ರಿ ಜಪ,गायत्री जपम,ഗായത്രി ജപം
Gayathri Jayanthi,11,,3,,,,2,festival.png,Gayathri Jayanthi,காயத்ரி ஜெயந்தி,గాయత్రి జయంతి,ಗಾಯತ್ರಿ ಜಯಂತಿ,गायत्री जयंती,ഗായത്രി ജയന്തി
Gita Jayanthi,11,,9,,,,2,festival.png,Gita Jayanthi,கீதா ஜெயந்தி,గీతా జయంతి,ಗೀತಾ ಜಯಂತಿ,गीता जयंती,ഗീതാ ജയന്തി
Gokulashtami,23,4,,,,,0,janmashtami.png,Gokulashtami/Krishna Jayanthi/Janmashtami,கோகுலாஷ்டமி/கிருஷ்ண ஜெயந்தி/ஜென்மாஷ்டமி,గోకులాష్టమి/కృష్ణ జయంతి/జన్మాష్టమి,ಗೋಕುಲಾಷ್ಟಮಿ/ಕೃಷ್ಣ ಜಯಂತಿ/ಜನ್ಮಾಷ್ಟಮಿ,गोकुल अष्टमी/कृष्ण जयन्ती/जनमाष्टमी,ഗോകുലാഷ്ടമി/കൃഷ്ണ ജയന്തി/ജന്മാഷ്ടമി
Gokulashtami,23,3,,,,,0,janmashtami.png,Gokulashtami/Krishna Jayanthi/Janmashtami,கோகுலாஷ்டமி/கிருஷ்ண ஜெயந்தி/ஜென்மாஷ்டமி,గోకులాష్టమి/కృష్ణ జయంతి/జన్మాష్టమి,ಗೋಕುಲಾಷ್ಟಮಿ/ಕೃಷ್ಣ ಜಯಂತಿ/ಜನ್ಮಾಷ್ಟಮಿ,गोकुल अष्टमी/कृष्ण जयन्ती/जनमाष्टमी,ഗോകുലാഷ്ടമി/കൃഷ്ണ ജയന്തി/ജന്മാഷ്ടമി
Govardhan Puja,1,,7,,,,0,festival.png,Govardhan Puja,கோவர்தன் பூஜை,గోవర్ధన్ పూజ,ಗೋವರ್ಧನ ಪೂಜೆ,गोवर्धन पूजा,ഗോവർദ്ധൻ പൂജ
Guru Purnima,15,,4,,,,2,guru_purnima.png,Guru/Vyasa/Ashada Purnima,குரு பூர்ணிமா,గురు పూర్ణిమ,ಗುರು ಪೂರ್ಣಿಮೆ,गुरु पूर्णिमा,ഗുരു പൂർണിമ
Guruvayur Ekadashi,11,,8,,,,2,ekadashi.png,Guruvayur Ekadashi,குருவாயூர் ஏகாதசி,గురువాయూర్ ఏకాదశి,ಗುರುವಾಯೂರು ಏಕಾದಶಿ,गुरुवायुर एकादशी,ഗുരുവായൂർ ഏകാദശി
Hanuman Jayanti,15,,1,,,,2,hanuman.png,Hanuman Jayanti,அனுமன் ஜெயந்தி,హనుమాన్ జయంతి,ಹನುಮ ಜಯಂತಿ,हनुमान जयंती,ഹനുമാൻ ജയന്തി
Hartalika Teej,3,,6,,,,0,festival.png,Hartalika Teej,ஹர்தாலிகா டீஜ்,హర్తాళికా తీజ్,ಹರ್ತಾಲಿಕಾ ತೀಜ್,हरतालिका तीज,ഹർത്താലിക തീജ്
Heramba Sankashti,19,,6,,,,2,chathurthi.png,Heramba Sankashti/Sankatahara Chathurthi,ஹேரம்ப சங்கஷ்டி/சங்கடஹர சதுர்த்தி,హేరంబ సంక్షోభి/సంకటహర చతుర్థి,ಹೇರಂಬ ಸಂಕಷ್ಟಿ/ಸಂಕಷ್ಟಹರ ಚತುರ್ಥಿ,हेरम्बा संकष्टी/संकटहर चतुर्थी,ഹേരംബ പ്രതിസന്ധി/സങ്കടഹര ചതുർത്ഥി
Holi,15,,12,,,,1,holi.png,Holi,ஹோலி,హోలీ,ಹೋಳಿ,होली,ഹോളി
Indira Ekadashi,26,,7,,,,2,ekadashi.png,Indira Ekadashi,இந்திரா ஏகாதசி,ఇందిరా ఏకాదశి,ಇಂದಿರಾ ಏಕಾದಶಿ,इंदिरा एकादशी,ഇന്ദിര ഏകാദശി
Indra Savarni Manvadi Srartha tithi,23,,5,,,,0,srartha.png,Indra Savarni Manvadi Sratha tithi Sratha tithi,இந்திர சாவர்ணி மன்வாதி ஸ்ரார்த்த திதி,ఇంద్ర సావర్ణి మన్వాది స్రార్థ తిథి,ಇಂದ್ರ ಸಾವರ್ಣಿ ಮನ್ವಾದಿ ಶ್ರಾರ್ಥ ತಿಥಿ,इन्द्र सावर्णि मन्वादि स्रार्था तिथि,ഇന്ദ്ര സാവർണി മാൻവാദി ശ്രാർത്ഥ തിഥി
Jaya Ekadashi,11,,11,,,,2,ekadashi.png,Jaya Ekadashi,ஜெய ஏகாதசி,జయ ఏకాదశి,ಜಯ ಏಕಾದಶಿ,जया एकादशी,ജയ ഏകാദശി
Jyeshtha Amavasya,30,,3,,,,0,festival.png,Jyeshtha Amavasya,ஜ்யேஷ்ட அமாவாசை,జ్యేష్ఠ అమావాస్య,ಜ್ಯೇಷ್ಠ ಅಮಾವಾಸ್ಯೆ,ज्येष्ठ अमावस्या,ജ്യേഷ്ഠ അമാവാസി
Jyesta Purnima,15,,3,,,,2,festival.png,Jyesta Purnima,ஜ்யேஷ்ட பூர்ணிமா,జ్యేష్ట పూర్ణిమ,ಜ್ಯೆಸ್ತಾ ಪೂರ್ಣಿಮಾ,ज्येष्ठ पूर्णिमा,ജ്യേഷ്ട പൂർണിമ
Kaalashtami,23,,,,,,0,kaalashtami.png,Kaalashtami,காலாஷ்டமி,కాలాష్టమి,ಕಾಲಾಷ್ಟಮಿ,कालाष्टमी,കാലാഷ്ടമി
Kali Puja,30,,7,,,,0,festival.png,Kali Puja,காளி பூஜை,కాళీ పూజ,ಕಾಳಿ ಪೂಜೆ,काली पूजा,കാളി പൂജ
Kali Yuga Srartha tithi,28,,6,,,,0,srartha.png,Kali Yuga Sratha tithi Sratha tithi,கலியுக ஸ்ரார்த்த திதி,కలియుగ స్రార్థ తిథి,ಕಲಿಯುಗ ಶ್ರಾರ್ಥ ತಿಥಿ,कलियुग स्रार्थ तिथि,കലിയുഗ ശ്രാർത്ഥ തിഥി
Kamada Ekadashi,11,,1,,,,2,ekadashi.png,Kamada Ekadashi,காமத ஏகாதசி,కామధ ఏకాదశి,ಕಾಮಧ ಏಕಾದಶಿ,कामदा एकादशी,കാമധ ഏകാദശി
Kamika Ekadashi,26,,5,,,,2,ekadashi.png,Kamika Ekadashi,காமிகா ஏகாதசி,కామిక ఏకాదశి,ಕಾಮಿಕಾ ಏಕಾದಶಿ,कामिका एकादशी,കാമിക ഏകാദശി
Kanni  Sankranthi,,,6,1,,,0,kanni.jpg,Kanni  Sankranthi,கன்னி சங்கராந்தி,కన్ని సంక్రాంతి,ಕನ್ನಿ ಸಂಕ್ರಾಂತಿ,कन्नी संक्रांति,കന്നി സംക്രാന്തി
Karadaiyan Nonbu,,,12,1,,,0,kaaradaiyaan_noenbu,Karadaiyan Nonbu,காரடையான் நோம்பு,కారడైయన్ నోంబు,ಕಾರದೈಯನ್ ನೊಯೆನ್ಬು,कारादैयान नोएनबू,കാരദൈയൻ നോൻബു
Karthigai Deepam,15,,8,,,,0,karthigai_dheepam.png,Karthigai Deepam,கார்த்திகை தீபம்,కార్తిగై దీపం,ಕಾರ್ತಿಗೈ ದೀಪಂ,कार्तिगाई दीपम,കാർത്തിഗൈ ദീപം
Kataka  Sankranthi,,,4,1,,,0,katakam.jpg,Kataka  Sankranthi,கடக சங்கராந்தி,కటక సంక్రాంతి,ಕಟಕ ಸಂಕ್ರಾಂತಿ,कटक संक्रांति,കടക സംക്രാന്തി
Kedhaara gowri vratham end,29,,7,,,,0,kedhaara_gowri_vratham.png,Kedhaara gowri vratham end,கேதார கௌரி விரதம் முடிவு,కేధార గౌరీ వ్రతం ముగింపు,ಕೇದಾರ ಗೌರಿ ವ್ರತ ಅಂತ್ಯ,केधारा गौरी व्रतम अंत,കേധാര ഗൗരി വ്രതം അവസാനം
Kedhaara gowri vratham start,29,,7,,,,0,kedhaara_gowri_vratham.png,Kedhaara gowri vratham start,கேதார கௌரி விரதம் தொடக்கம்,కేధార గౌరీ వ్రతం ప్రారంభం,ಕೇದಾರ ಗೌರಿ ವ್ರತ ಆರಂಭ,केधारा गौरी व्रतम शुरू,കേധാര ഗൗരി വ്രതം തുടക്കം
Kojagari Lakshmi Puja,15,,6,,,,0,festival.png,Kojagari Lakshmi Puja,கோஜாகரி லட்சுமி பூஜை,కోజాగారి లక్ష్మీ పూజ,ಕೋಜಗರಿ ಲಕ್ಷ್ಮಿ ಪೂಜೆ,कोजागरी लक्ष्मी पूजा,കോജാഗരി ലക്ഷ്മി പൂജ
Krishnapingala Sankashti,19,,4,,,,2,chathurthi.png,Krishnapingala Sankashti/Sankatahara Chathurthi,கிருஷ்ணபிங்கலா சங்கஷ்டி/சங்கடஹர சதுர்த்தி,కృష్ణపింగల కష్టం/సంకటహర చతుర్థి,ಕೃಷ್ಣಪಿಂಗಲ ಸಂಕಷ್ಟಿ/ಸಂಕಷ್ಟಹರ ಚತುರ್ಥಿ,कृष्णपिंगला संकष्टी/संकटहर चतुर्थी,കൃഷ്ണപിംഗല പ്രതിസന്ധി/സങ്കടഹര ചതുർത്ഥി
Kumba  Sankranthi,,,11,1,,,0,kumbam.jpg,Kumba  Sankranthi,கும்ப சங்கராந்தி,కుంభ సంక్రాంతి,ಕುಂಭ ಸಂಕ್ರಾಂತಿ,कुंभ संक्रांति,കുംഭ സംക്രാന്തി
Kurma Jayanthi,15,,2,,,,2,festival.png,Kurma Jayanthi,கூர்ம ஜெயந்தி,కూర్మ జయంతి,ಕೂರ್ಮ ಜಯಂತಿ,कूर्म जयंती,കൂർമ്മ ജയന്തി
Lakshmi Puja,14,,7,,,,0,festival.png,Lakshmi Puja,லட்சுமி பூஜை,లక్ష్మీ పూజ,ಲಕ್ಷ್ಮೀ ಪೂಜೆ,लक्ष्मी पूजा,ലക്ഷ്മി പൂജ
Lambodara Sankashti,19,,11,,,,2,chathurthi.png,Lambodara Sankashti/Sankatahara Chathurthi,லம்போதர சங்கஷ்டி/சங்கடஹர சதுர்த்தி,లంబోదర సంక్షోభం/సంకటహర చతుర్థి,ಲಂಬೋದರ ಸಂಕಷ್ಟಿ/ಸಂಕಷ್ಟಹರ ಚತುರ್ಥಿ,लम्बोदर संकष्टी/संकटहर चतुर्थी,ലംബോദര പ്രതിസന്ധി/സങ്കടഹര ചതുർത്ഥി
Maasi Magam,,10,11,,,,0,festival.png,Maasi Magam,மாசி மகம்,మాసి మాగం,ಮಾಸಿ ಮಗಂ,मासी मगम,മാസി മാഗം
Magha Purnima,15,,11,,,,2,festival.png,Magha Purnima,மாக பூர்ணிமா,మాఘ పూర్ణిమ,ಮಾಘ ಪೂರ್ಣಿಮಾ,माघ पूर्णिमा,മാഘ പൂർണിമ
Maha Shivaratri,29,,11,,,,0,maha_sivarathri_1.png,Maha Shivaratri,மகா சிவராத்திரி,మహా శివరాత్రి,ಮಹಾ ಶಿವರಾತ್ರಿ,महा शिवरात्रि,മഹാ ശിവരാത്രി
Mahalaya Amavasya,30,,7,,,,1,srartha.png,Mahalaya Amavasya/Pitru Paksha Ends,மஹாளய அமாவாசை/பித்ரு பக்ஷ முடிவடைகிறது,మహాలయ అమావాస్య/పితృ పక్షం సమాప్తం,ಮಹಾಲಯ ಅಮಾವಾಸ್ಯೆ/ಪಿತೃ ಪಕ್ಷ ಕೊನೆಗೊಳ್ಳುತ್ತದೆ,महालय अमावस्या/पितृ पक्ष समाप्त,മഹാലയ അമാവാസി/പിതൃ പക്ഷ സമാപനം
Mahalaya Ashtami,23,,7,,,,1,srartha.png,Mahalaya Ashtami,மஹாளய அஷ்டமி,మహాలయ అష్టమి,ಮಹಾಲಯ ಅಷ್ಟಮಿ,महालया अष्टमी,മഹാലയ അഷ്ടമി
Mahalaya Chathurthi,19,,7,,,,1,srartha.png,Mahalaya Chathurthi,மஹாளய சதுர்த்தி,మహాలయ చతుర్థి,ಮಹಾಲಯ ಚತುರ್ಥಿ,महालय चतुर्थी,മഹാലയ ചതുർത്ഥി
Mahalaya Dhasami,25,,7,,,,1,srartha.png,Mahalaya Dhasami,மஹாளய தசமி,మహాలయ దశమి,ಮಹಾಲಯ ದಶಮಿ,महालय दशमी,മഹാലയ ദശമി
Mahalaya Dhuvadhasi,27,,7,,,,1,srartha.png,Mahalaya Dhuvadhasi,மஹாளய துவாதசி,మహాలయ దువధశి,ಮಹಾಲಯ ಧುವಧಸಿ,महालय धुवधसी,മഹാലയ ധുവധശി
Mahalaya dwithiyai,17,,7,,,,1,srartha.png,Mahalaya dwithiyai,மஹாளய த்விதியை,మహాలయ ద్వితీయై,ಮಹಾಲಯ ದ್ವಿತೀಯೈ,महालया द्वितीयै,മഹാലയ ദ്വിതീയൈ
Mahalaya Egadhasi,26,,7,,,,1,srartha.png,Mahalaya Egadhasi,மஹாளய ஏகாதசி,మహాలయ ఏగాధశి,ಮಹಾಲಯ ಏಕಾದಶಿ,महालया ईगाधासी,മഹാലയ ഏഗാദശി
Mahalaya Navami,24,,7,,,,1,srartha.png,Mahalaya Navami,மஹாளய நவமி,మహాలయ నవమి,ಮಹಾಲಯ ನವಮಿ,महालया नवमी,മഹാലയ നവമി
Mahalaya Panchami,20,,7,,,,1,srartha.png,Mahalaya Panchami,மஹாளய பஞ்சமி,మహాలయ పంచమి,ಮಹಾಲಯ ಪಂಚಮಿ,महालया पंचमी,മഹാലയ പഞ്ചമി
Mahalaya Prathamai / Pitru Paksha Start,16,,7,,,,1,srartha.png,Mahalaya Prathamai / Pitru Paksha Start,மஹாளய பிரதமை / பித்ரு பக்ஷ ஆரம்பம்,మహాలయ ప్రథమై / పితృ పక్ష ప్రారంభం,ಮಹಾಲಯ ಪ್ರಥಮೈ / ಪಿತೃ ಪಕ್ಷ ಪ್ರಾರಂಭ,महालया प्रथमाई/पितृ पक्ष प्रारम्भ,മഹാലയ പ്രഥമൈ / പിതൃ പക്ഷ ആരംഭം
Mahalaya Sapthami,22,,7,,,,1,srartha.png,Mahalaya Sapthami,மஹாளய சப்தமி,మహాలయ సప్తమి,ಮಹಾಲಯ ಸಪ್ತಮಿ,महालया सप्तमी,മഹാലയ സപ്തമി
Mahalaya Sashti,21,,7,,,,1,srartha.png,Mahalaya Sashti,மஹாளய சஷ்டி,మహాలయ షష్ఠి,ಮಹಾಲಯ ಷಷ್ಠಿ,महालय षष्ठी,മഹാലയ ഷഷ്ഠി
Mahalaya Sathuradasi,29,,7,,,,1,srartha.png,Mahalaya Sathuradasi,மஹாளய சதுர்தசி,మహాలయ శతురదశి,ಮಹಾಲಯ ಸತುರದಶಿ,महालया सथुरदासी,മഹാലയ സതുരാദശി
Mahalaya Thirayodasi,28,,7,,,,1,srartha.png,Mahalaya Thirayodasi,மஹாளய திரயோதசி,మహాలయ తిరయోదశి,ಮಹಾಲಯ ತಿರಯೋದಸಿ,महालया थिरयोडसी,മഹാലയ തിരയോദശി
Mahalaya Thiruthiyai,18,,7,,,,1,srartha.png,Mahalaya Thiruthiyai,மஹாளய திருதியை,మహాలయ తిరుతీయై,ಮಹಾಲಯ ತಿರುತಿಯೈ,महालया थिरुथियाई,മഹാലയ തിരുത്തായി
Mahesh Navami,9,,3,,,,1,festival.png,Mahesh Navami,மகேஷ் நவமி,మహేష్ నవమి,ಮಹೇಶ ನವಮಿ,महेश नवमी,മഹേഷ് നവമി
Makara  Sankranthi,,,10,1,,,0,makaram.jpg,Makara  Sankranthi,மகர சங்கராந்தி,మకర సంక్రాంతి,ಮಕರ ಸಂಕ್ರಾಂತಿ,मकर संक्रांति,മകര സംക്രാന്തി
Makara  ViLakku,,,10,1,,,0,festival.png,Makara  ViLakku,மகர விளக்கு,మకర విలక్కు,ಮಕರ ವಿಳಕ್ಕು,मकर विलक्कु,മകര വിളക്ക്
Margashirsha Purnima,15,,9,,,,2,festival.png,Margashirsha Purnima,மார்கசிர்ஷா பூர்ணிமா,మార్గశీర్ష పూర్ణిమ,ಮಾರ್ಗಶೀರ್ಷ ಪೂರ್ಣಿಮಾ,मार्गशीर्ष पूर्णिमा,മാർഗശീർഷ പൂർണിമ
Margazhi Bhajans,,,9,,,,0,festival.png,Margazhi Bhajans/Thiruvempavai,மார்கழி பஜனைகள்/திருவெம்பாவை,మార్గజీ భజనలు/తిరువెంపావై,ಮಾರ್ಗಜಿ ಭಜನೆಗಳು/ತಿರುವೆಂಪವೈ,मार्गाज़ी भजन/थिरु वेम्पावै,മാർഗഴി ഭജന/തിരുവെമ്പാവായ്
Meena  Sankranthi,,,12,1,,,0,meenam.jpg,Meena  Sankranthi,மீன சங்கராந்தி,మీన సంక్రాంతి,ಮೀನ ಸಂಕ್ರಾಂತಿ,मीना संक्रांति,മീന സംക്രാന്തി
Mesha  Sankranthi,,,1,1,,,0,mesham.png,Mesha  Sankranthi,மேஷ சங்கராந்தி,మేష సంక్రాంతి,ಮೇಷ ಸಂಕ್ರಾಂತಿ,मेष संक्रांति,മേശ സംക്രാന്തി
Mithuna Sankranthi,,,3,1,,,0,mithunam.jpg,Mithuna Sankranthi,மிதுன சங்கராந்தி,మిథున సంక్రాంతి,ಮಿಥುನ ಸಂಕ್ರಾಂತಿ,मिथुन संक्रांति,മിഥുന സംക്രാന്തി
Mohini Ekadashi,11,,2,,,,2,ekadashi.png,Mohini Ekadashi,மோகினி ஏகாதசி,మోహిని ఏకాదశి,ಮೋಹಿನಿ ಏಕಾದಶಿ,मोहिनी एकादशी,മോഹിനി ഏകാദശി
Mokshadha Ekadashi,11,,9,,,,2,ekadashi.png,Mokshadha Ekadashi,மோக்ஷத ஏகாதசி,మోక్షధ ఏకాదశి,ಮೋಕ್ಷದ ಏಕಾದಶಿ,मोक्षदा एकादशी,മോക്ഷദ ഏകാദശി
Nag Panchami,5,,5,,,,0,festival.png,Nag Panchami,நாக் பஞ்சமி,నాగ్ పంచమి,ನಾಗ್ ಪಂಚಮಿ,नाग पंचमी,നാഗ് പഞ്ചമി
Naradha Jayanthi,16,,2,,,,2,festival.png,Naradha Jayanthi,நாரத ஜெயந்தி,నారద జయంతి,ನಾರದ ಜಯಂತಿ,नारद जयंती,നാരദ ജയന്തി
Narasimha Jayanti,14,,2,,,,2,festival.png,Narasimha Jayanti,நரசிம்ம ஜெயந்தி,నరసింహ జయంతి,ನರಸಿಂಹ ಜಯಂತಿ,नरसिम्हा जयंती,നരസിംഹ ജയന്തി
Navaratri Begins,1,,6,,,,0,navarathri.png,Navaratri Begins,நவராத்திரி ஆரம்பம்,నవరాత్రి ప్రారంభం,ನವರಾತ್ರಿ ಪ್ರಾರಂಭವಾಗುತ್ತದೆ,नवरात्रि प्रारंभ,നവരാത്രി ആരംഭിക്കുന്നു
Nirjala Ekadashi,11,,3,,,,2,ekadashi.png,Nirjala Ekadashi,நிர்ஜல ஏகாதசி,నిర్జల ఏకాదశి,ನಿರ್ಜಲ ಏಕಾದಶಿ,निर्जला एकादशी,നിർജല ഏകാദശി
Onam,,22,5,,,,0,onam.png,Onam,ஓணம்,ఓనం,ಓಣಂ,ओणम,ഓണം
Padmini Vishuddha Ekadashi,11,,,,,1,2,ekadashi.png,Padmini Vishuddha Ekadashi,பத்மினி விசுத்த ஏகாதசி,పద్మిని విశుద్ధ ఏకాదశి,ಪದ್ಮಿನಿ ವಿಶುದ್ಧ ಏಕಾದಶಿ,पद्मिनी विशुद्धा एकादशी,പദ്മിനി വിശുദ്ധ ഏകാദശി
Panguni Utthiram,15,12,12,,,,0,festival.png,Panguni Utthiram,பங்குனி உத்திரம்,పంగుని ఉత్తిరం,ಪಂಗುಣಿ ಉತ್ತರಂ,पंगुनी उत्थिराम,പങ്കുനി ഉത്തിരം
Papavimochani Ekadashi,26,,1,,,,2,ekadashi.png,Papavimochani Ekadashi,பாபவிமோச்சன ஏகாதசி,పాపమోచని ఏకాదశి,ಪಾಪಮೋಚನಿ ಏಕಾದಶಿ,पापमोचनी एकादशी,പാപമോചനി ഏകാദശി
Parama Shuddha Ekadashi,26,,,,,1,2,ekadashi.png,Parama Shuddha Ekadashi,பரம சுத்த ஏகாதசி,పరమ శుద్ధ ఏకాదశి,ಪರಮ ಶುದ್ಧ ಏಕಾದಶಿ,परम शुद्धा एकादशी,പരമ ശുദ്ധ ഏകാദശി
Parashurama Jayanti,3,,2,,,,2,festival.png,Parashurama Jayanti,பரசுராம ஜெயந்தி,పరశురామ జయంతి,ಪರಶುರಾಮ ಜಯಂತಿ,परशुराम जयंती,പരശുരാമ ജയന്തി
Parsva Ekadashi,11,,6,,,,2,ekadashi.png,Parsva Ekadashi,பார்ஸ்வ ஏகாதசி,పార్శ్వ ఏకాదశి,ಪಾರ್ಶ್ವ ಏಕಾದಶಿ,पार्श्व एकादशी,പാർശ്വ ഏകാദശി
Pasankusa Ekadashi,11,,7,,,,2,ekadashi.png,Pasankusa Ekadashi,பசங்குச ஏகாதசி,పసంకుశ ఏకాదశి,ಪಸಂಕುಶ ಏಕಾದಶಿ,पाषाणकुशा एकादशी,പശാങ്കുശ ഏകാദശി
Pausha Purnima,15,,10,,,,2,festival.png,Pausha Purnima,பௌஷா பூர்ணிமா,పౌష పూర్ణిమ,ಪೌಷಾ ಪೂರ್ಣಿಮಾ,पौष पूर्णिमा,പൗഷ പൂർണിമ
Pausha Putrada Ekadashi,11,,10,,,,2,ekadashi.png,Pausha Putrada Ekadashi,பௌஷ புத்திரதா ஏகாதசி,పౌష పుత్రదా ఏకాదశి,ಪೌಷ ಪುತ್ರಾದ ಏಕಾದಶಿ,पौष पुत्रदा एकादशी,പൗഷ പുത്രാദ ഏകാദശി
Phalguni Purnima,15,,12,,,,2,festival.png,Phalguni Purnima,பால்குனி பூர்ணிமா,ఫాల్గుణి పూర్ణిమ,ಫಲ್ಗುಣಿ ಪೂರ್ಣಿಮಾ,फाल्गुनी पूर्णिमा,ഫാൽഗുനി പൂർണിമ
Pongal,,,10,1,,,0,pongal.png,Pongal,பொங்கல்,పొంగల్,ಪೊಂಗಲ್,पोंगल,പൊങ്കൽ
Prabodhini/Devuthana Ekadashi,11,,8,,,,2,ekadashi.png,Prabodhini/Devuthana Ekadashi,பிரபோதினி ஏகாதசி,ప్రబోధిని ఏకాదశి,ಪ್ರಬೋಧಿನಿ ಏಕಾದಶಿ,प्रबोधिनी एकादशी,പ്രബോധിനി ഏകാദശി
Pradosham,13,,,,,,0,pradosham.png,Pradosham,பிரதோஷம்,ప్రదోషం,ಪ್ರದೋಷ,प्रदोष,പ്രദോഷം
Pradosham,28,,,,,,0,pradosham.png,Pradosham,பிரதோஷம்,ప్రదోషం,ಪ್ರದೋಷ,प्रदोष,പ്രദോഷം
Purvedyu Srartha tithi,22,,6,,,,0,srartha.png,Purvedyu Sratha tithi Sratha tithi,பூர்வேத்யு ஸ்ரார்த்த திதி,పూర్వేద్యు స్రార్థ తిథి,ಪೂರ್ವೇದ್ಯು ಶ್ರಾರ್ಥ ತಿಥಿ,पूर्वेद्यु श्रार्थ तिथि,പൂർവേദ്യു സ്രാർത്ത തിഥി
Purvedyu Srartha tithi,22,,9,,,,0,srartha.png,Purvedyu Sratha tithi Sratha tithi,பூர்வேத்யு ஸ்ரார்த்த திதி,పూర్వేద్యు స్రార్థ తిథి,ಪೂರ್ವೇದ್ಯು ಶ್ರಾರ್ಥ ತಿಥಿ,पूर्वेद्यु श्रार्थ तिथि,പൂർവേദ്യു സ്രാർത്ത തിഥി
Purvedyu Srartha tithi,22,,10,,,,0,srartha.png,Purvedyu Sratha tithi Sratha tithi,பூர்வேத்யு ஸ்ரார்த்த திதி,పూర్వేద్యు స్రార్థ తిథి,ಪೂರ್ವೇದ್ಯು ಶ್ರಾರ್ಥ ತಿಥಿ,पूर्वेद्यु श्रार्थ तिथि,പൂർവേദ്യു സ്രാർത്ത തിഥി
Purvedyu Srartha tithi,22,,11,,,,0,srartha.png,Purvedyu Sratha tithi Sratha tithi,பூர்வேத்யு ஸ்ரார்த்த திதி,పూర్వేద్యు స్రార్థ తిథి,ಪೂರ್ವೇದ್ಯು ಶ್ರಾರ್ಥ ತಿಥಿ,पूर्वेद्यौ श्रार्थ तिथि,പൂർവേദ്യു സ്രാർത്ത തിഥി
Purvedyu Srartha tithi,22,,12,,,,0,srartha.png,Purvedyu Sratha tithi Sratha tithi,பூர்வேத்யு ஸ்ரார்த்த திதி,పూర్వేద్యు స్రార్థ తిథి,ಪೂರ್ವೇದ್ಯು ಶ್ರಾರ್ಥ ತಿಥಿ,पूर्वेद्यु श्रार्थ तिथि,പൂർവേദ്യു സ്രാർത്ത തിഥി
Raivata Manvadi Srartha tithi,10,,4,,,,0,srartha.png,Raivata Manvadi Sratha tithi Sratha tithi,ரைவத மன்வாதி ஸ்ரார்த்த திதி,రైవత మన్వాది స్రార్థ తిథి,ರೈವತ ಮನ್ವಾದಿ ಶ್ರಾರ್ಥ ತಿಥಿ,रैवता मन्वादि श्रार्थ तिथि,രൈവത മാൻവാദി സ്രാർത്ത തിഥി
Raksha Bandhan,15,,5,,,,0,raksha_bandhan.png,Raksha Bandhan,ரக்ஷா பந்தன்,రక్షా బంధన్,ರಕ್ಷಾ ಬಂಧನ,रक्षाबंधन,രക്ഷാ ബന്ധൻ
Rama Navami,9,,1,,,,1,rama_navami.png,Rama Navami,ராம நவமி,రామ నవమి,ರಾಮ ನವಮಿ,रामनवमी,രാമ നവമി
Ramaa Ekadashi,26,,8,,,,2,ekadashi.png,Ramaa Ekadashi,ரமா ஏகாதசி,రామ ఏకాదశి,ರಾಮ ಏಕಾದಶಿ,रमाएकादशी,രാമ ഏകാദശി
Ramanuja Jayanthi,,6,1,,,,2,festival.png,Ramanuja Jayanthi,ராமானுஜ ஜெயந்தி,రామానుజ జయంతి,ರಾಮಾನುಜ ಜಯಂತಿ,रामानुज जयंती,രാമാനുജ ജയന്തി
Ranga Panchami,20,,1,,,,0,festival.png,Ranga Panchami,ரங்க பஞ்சமி,రంగ పంచమి,ರಂಗ ಪಂಚಮಿ,रंग पंचमी,രംഗപഞ്ചമി
Ratha Saptami,7,,11,,,,2,ratha_sapthami.png,Ratha Saptami,ரத சப்தமி,రథ సప్తమి,ರಥ ಸಪ್ತಮಿ,रथ सप्तमी,രഥ സപ്തമി
Rishaba Sankranthi,,,2,1,,,0,rishabham.jpg,Rishaba Sankranthi,ரிஷப சங்கராந்தி,రిషబ సంక్రాంతి,ರಿಷಬ ಸಂಕ್ರಾಂತಿ,ऋषभ संक्रांति,ഋഷബ സംക്രാന്തി
Rudra Savarni Manvadi Srartha tithi,3,,6,,,,0,srartha.png,Rudra Savarni Manvadi Sratha tithi Sratha tithi,ருத்ர சாவர்ணி மன்வாதி ஸ்ரார்த்த திதி,రుద్ర సావర్ణి మన్వాది స్రార్థ తిథి,ರುದ್ರ ಸಾವರ್ಣಿ ಮನ್ವಾದಿ ಶ್ರಾರ್ಥ ತಿಥಿ,रूद्र सावर्णि मन्वादि श्रार्था तिथि,രുദ്ര സാവർണി മാൻവാദി ശ്രാർത്ഥ തിഥി
Sama Veda Upakarma,,13,5,,,,0,upakarma.png,Sama Veda Upakarma,சாம வேத உபாகர்மா,సామవేద ఉపకర్మ,ಸಾಮವೇದ ಉಪಕರ್ಮ,सामवेद उपाकर्म,സാമവേദ ഉപാകർമ്മ
Saphala Ekadashi,26,,10,,,,2,ekadashi.png,Saphala Ekadashi,சபல ஏகாதசி,సఫల ఏకాదశి,ಸಫಲ ಏಕಾದಶಿ,सफला एकादशी,സഫല ഏകാദശി
Saraswati Puja,5,,10,,,,0,sarasvathi.png,Saraswati Puja,சரஸ்வதி பூஜை,సరస్వతీ పూజ,ಸರಸ್ವತಿ ಪೂಜೆ,सरस्वती पूजा,സരസ്വതി പൂജ
Sathya Yuga Srartha tithi,9,,8,,,,0,srartha.png,Sathya Yuga Sratha tithi Sratha tithi,சத்ய யுக ஸ்ரார்த்த திதி,సత్యయుగ స్రార్థ తిథి,ಸತ್ಯಯುಗ ಶ್ರಾರ್ಥ ತಿಥಿ,सत्ययुग स्रार्थ तिथि,സത്യയുഗ സ്രാർത്ത തിഥി
Savarni Manvadi Srartha tithi,15,,12,,,,0,srartha.png,Savarni Manvadi Sratha tithi Sratha tithi,சாவர்ணி மன்வாதி ஸ்ரார்த்த திதி,సావర్ణి మన్వాది స్రార్థ తిథి,ಸಾವರ್ಣಿ ಮನ್ವಾದಿ ಶ್ರಾರ್ಥ ತಿಥಿ,सावर्णि मन्वादि श्रार्थ तिथि,സാവർണി മാൻവാദി ശ്രാർത്ഥ തിഥി
Savirtri Vrata,15,,3,,,,2,festival.png,Savirtri Vrata,சாவித்ரி விரதம்,సావిర్త్రీ వ్రతం,ಸಾವಿರ್ತ್ರಿ ವ್ರತ,सविर्त्रि व्रत,സാവിത്രി വ്രതം
Shakambari Purnima,15,,10,,,,2,festival.png,Shakambari Purnima,ஷாகாம்பரி பூர்ணிமா,శాకంబరీ పూర్ణిమ,ಶಾಕಾಂಬರಿ ಪೂರ್ಣಿಮಾ,शाकम्भरी पूर्णिमा,ശാകംബരി പൂർണിമ
Shani Jayanthi,30,,2,,,,2,festival.png,Shani Jayanthi,சனி ஜெயந்தி,శని జయంతి,ಶನಿ ಜಯಂತಿ,शनि जयंती,ഷാനി ജയന്തി
Sharad Purnima,15,,7,,,,2,festival.png,Sharad/Ashvina Purnima,ஷரத் பூர்ணிமா,శరద్ పూర్ణిమ,ಶರದ್ ಪೂರ್ಣಿಮಾ,शरद पूर्णिमा,ശരദ് പൂർണിമ
Sharannavaratri,1,,6,,,,0,festival.png,Sharannavaratri,சரன்னவராத்திரி,శరన్నవరాత్రి,ಶರನ್ನವರಾತ್ರಿ,शरणनवरात्रि,ശരന്നവരാത്രി
Shattila Ekadashi,26,,11,,,,2,ekadashi.png,Shattila Ekadashi,ஷட்டிலா ஏகாதசி,షట్టిల ఏకాదశి,ಷಟ್ಟಿಲ ಏಕಾದಶಿ,षटतिला एकादशी,ഷട്ടില ഏകാദശി
Sheetala Ashtami,23,,1,,,,2,sheethala_ashtami,Sheetala Ashtami,ஷீதல அஷ்டமி,శీతల అష్టమి,ಶೀತಲ ಅಷ್ಟಮಿ,शीतल अष्टमी,ശീതള അഷ്ടമി
Shravana Purnima,15,,5,,,,2,festival.png,Shravana Purnima,ஷ்ரவண பூர்ணிமா,శ్రావణ పూర్ణిమ,ಶ್ರಾವಣ ಪೂರ್ಣಿಮೆ,श्रावण पूर्णिमा,ശ്രാവണ പൂർണിമ
Shravana Putrada Ekadashi,11,,5,,,,2,ekadashi.png,Shravana Putrada Ekadashi,ஷ்ரவண புத்திரதா ஏகாதசி,శ్రావణ పుత్రద ఏకాదశి,ಶ್ರವಣ ಪುತ್ರ ಏಕಾದಶಿ,श्रावण पुत्रदा एकादशी,ശ്രാവണ പുത്രാദ ഏകാദശി
Simha  Sankranthi,,,5,1,,,0,simmam.jpg,Simha  Sankranthi,சிம்ம சங்கராந்தி,సింహ సంక్రాంతి,ಸಿಂಹ ಸಂಕ್ರಾಂತಿ,सिंह संक्रांति,സിംഹ സംക്രാന്തി
Sita Navami,9,,2,,,,1,festival.png,Sita Navami,சீதா நவமி,సీతా నవమి,ಸೀತಾ ನವಮಿ,सीता नवमी,സീതാ നവമി
Skanda Sashti,6,,7,,,,0,murugan.png,Skanda Sashti,ஸ்கந்த சஷ்டி / சூர சம்ஹாரம்,స్కంద షష్ఠి / శూర సంహారం,ಸ್ಕಂದ ಷಷ್ಠಿ / ಸೂರ ಸಂಹಾರಂ,स्कंद षष्ठी / सूरा संहारम,സ്കന്ദ ഷഷ്ഠി / ശൂര സംഹാരം
Swarochisha Manvadi Srartha tithi,15,,1,,,,0,srartha.png,Swarochisha Manvadi Sratha tithi Sratha tithi,ஸ்வரோசிஷா மன்வாதி ஸ்ரார்த்த திதி,స్వారోచిష మన్వాది స్రార్థ తిథి,ಸ್ವಾರೋಚಿಷಾ ಮನ್ವಾದಿ ಶ್ರಾರ್ಥ ತಿಥಿ,स्वारोचिष मन्वादि श्रार्थ तिथि,സ്വരോചിഷാ മൻവാദി സ്രാർത്ത തിഥി
Swayambhuva Manvadi Srartha tithi,3,,1,,,,0,srartha.png,Swayambhuva Manvadi Sratha tithi Sratha tithi,ஸ்வயம்புவ மன்வாதி ஸ்ரார்த்த திதி,స్వయంభువ మన్వాది స్రార్థ తిథి,ಸ್ವಯಂಭುವ ಮನ್ವಾದಿ ಶ್ರಾರ್ಥ ತಿಥಿ,स्वायम्भुव मन्वादि श्रार्थ तिथि,സ്വയംഭുവ മൻവാദി സ്രാർത്ത തിഥി
Tamasa Manvadi Srartha tithi,12,,8,,,,0,srartha.png,Tamasa Manvadi Sratha tithi Sratha tithi,தாமஸ மன்வாதி ஸ்ரார்த்த திதி,తామస మన్వాది స్రార్థ తిథి,ತಾಮಸ ಮನ್ವಾದಿ ಶ್ರಾರ್ಥ ತಿಥಿ,तमसा मन्वादि श्रार्थ तिथि,താമസ മൻവാദി സ്രാർത്ത തിഥി
Tamil New Year,,,1,1,,,0,festival.png,Tamil New Year,தமிழ் புத்தாண்டு,తమిళ నూతన సంవత్సరం,ತಮಿಳು ಹೊಸ ವರ್ಷ,तमिल नव वर्ष,തമിഴ് പുതുവത്സരം
Thai Poosam,15,8,10,,,,0,thai_poosam.png,Thai Poosam,தை பூசம்,థాయ్ పూసం,ಥಾಯ್ ಪೂಸಂ,थाई पूसम,തായ് പൂസം
Third Crescent,3,,,,,,0,third_crescent.png,Third Crescent,மூன்றாம் பிறை,మూడవ నెలవంక,ಮೂರನೇ ಅರ್ಧಚಂದ್ರಾಕಾರ,तीसरा अर्धचंद्र,മൂന്നാം ചന്ദ്രക്കല
Thirssur Pooram,,11,1,,,,0,festival.png,Thirssur Pooram,திருச்சூர் பூரம்,త్రిస్సూర్ పూరం,ತ್ರಿಶೂರ್ ಪೂರಂ,त्रिशूर पूरम,തൃശൂർ പൂരം
Thulaam  Sankranthi,,,7,1,,,0,thulam.jpg,Thulaam  Sankranthi,துலாம் சங்கராந்தி,తులం సంక్రాంతి,ತುಲಾಂ ಸಂಕ್ರಾಂತಿ,थुलम संक्रांति,തുലാം സംക്രാന്തി
Tretha Yuga Srartha tithi,3,,2,,,,0,srartha.png,Tretha Yuga Sratha tithi Sratha tithi,திரேதா யுக ஸ்ரார்த்த திதி,త్రేతా యుగ స్రార్థ తిథి,ತ್ರೇತಾ ಯುಗ ಶ್ರಾರ್ಥ ತಿಥಿ,त्रेता युग श्रार्थ तिथि,ത്രേതായുഗ സ്രാർത്ത തിഥി
Ugadi,1,,12,,,,0,festival.png,Ugadi,உகாதி/தெலுங்கு/கன்னட புத்தாண்டு,ఉగాది/తెలుగు/కన్నడ నూతన సంవత్సరం,ಯುಗಾದಿ/ತೆಲುಗು/ಕನ್ನಡ ಹೊಸ ವರ್ಷ,उगादी/तेलुगु/कन्नड़ नव वर्ष,ഉഗാദി/തെലുങ്ക്/കന്നഡ പുതുവത്സരം
Upakarma,15,22,4,,,,0,upakarma.png,Upakarma (rig/yajur)/Aavani avittam,உபகர்மா (ரிக்/யஜுர்)/ஆவணி அவிட்டம்,ఉపకర్మ (రిగ్/యజుర్)/ఆవని అవిట్టం,ಉಪಕರ್ಮ (ರಿಗ್/ಯಜುರ್)/ಆವನಿ ಅವಿಟ್ಟಂ,उपाकर्म (ऋग/यजुर)/आवनि अवित्तम,ഉപകർമ്മ (ഋഗ്/യജുർ)/ആവണി അവിട്ടം
Upakarma,15,22,5,,,,0,upakarma.png,Upakarma (rig/yajur)/Aavani avittam,உபகர்மா (ரிக்/யஜுர்)/ஆவணி அவிட்டம்,ఉపకర్మ (రిగ్/యజుర్)/ఆవని అవిట్టం,ಉಪಕರ್ಮ (ರಿಗ್/ಯಜುರ್)/ಆವನಿ ಅವಿಟ್ಟಂ,उपाकर्म (ऋग/यजुर)/आवनि अवित्तम,ഉപകർമ്മ (ഋഗ്/യജുർ)/ആവണി അവിട്ടം
Upakarma,15,23,4,,,,0,upakarma.png,Upakarma (rig/yajur)/Aavani avittam,உபகர்மா (ரிக்/யஜுர்)/ஆவணி அவிட்டம்,ఉపకర్మ (రిగ్/యజుర్)/ఆవని అవిట్టం,ಉಪಕರ್ಮ (ರಿಗ್/ಯಜುರ್)/ಆವನಿ ಅವಿಟ್ಟಂ,उपाकर्म (ऋग/यजुर)/आवनि अवित्तम,ഉപകർമ്മ (ഋഗ്/യജുർ)/ആവണി അവിട്ടം
Upakarma,15,23,5,,,,0,upakarma.png,Upakarma (rig/yajur)/Aavani avittam,உபகர்மா (ரிக்/யஜுர்)/ஆவணி அவிட்டம்,ఉపకర్మ (రిగ్/యజుర్)/ఆవని అవిట్టం,ಉಪಕರ್ಮ (ರಿಗ್/ಯಜುರ್)/ಆವನಿ ಅವಿಟ್ಟಂ,उपाकर्म (ऋग/यजुर)/आवनि अवित्तम,ഉപകർമ്മ (ഋഗ്/യജുർ)/ആവണി അവിട്ടം
Utpanna Ekadashi,26,,9,,,,2,ekadashi.png,Utpanna Ekadashi,உத்பன்ன ஏகாதசி,ఉత్పన్న ఏకాదశి,ಉತ್ಪನ್ನ ಏಕಾದಶಿ,उत्पन्ना एकादशी,ഉത്പന്ന ഏകാദശി
Uttama Manvadi Srartha tithi,15,,8,,,,0,srartha.png,Uttama Manvadi Sratha tithi Sratha tithi,உத்தம மன்வாதி ஸ்ரார்த்த திதி,ఉత్తమ మన్వాది స్రార్థ తిథి,ಉತ್ತಮ ಮನ್ವಾದಿ ಶ್ರಾರ್ಥ ತಿಥಿ,उत्तम मन्वादि श्रार्थ तिथि,ഉത്തമ മന്വാദി ശ്രാർത്ഥ തിഥി
Vaikunta Ekadasi,11,,10,,,,2,ekadashi.png,Vaikunta Ekadasi,வைகுண்ட ஏகாதசி,వైకుంట ఏకాదశి,ವೈಕುಂಠ ಏಕಾದಶಿ,वैकुंठ एकादशी,വൈകുണ്ഠ ഏകാദശി
Vaivaswata Manvadi Srartha tithi,15,,3,,,,0,srartha.png,Vaivaswata Manvadi Sratha tithi Sratha tithi,வைவஸ்வத மன்வாதி ஸ்ரார்த்த திதி,వైవస్వత మన్వాది స్రార్థ తిథి,ವೈವಸ್ವತ ಮನ್ವಾದಿ ಶ್ರಾರ್ಥ ತಿಥಿ,वैवस्वत मन्वादि श्रार्थ तिथि,വൈവസ്വത മന്വാദി ശ്രാർത്ഥ തിഥി
Vakrathunda Sankashti,19,,8,,,,2,chathurthi.png,Vakrathunda Sankashti/Sankatahara Chathurthi,வக்ரதுண்ட சங்கஷ்டி/சங்கடஹர சதுர்த்தி,వక్రతుండ సంక్షోభం/సంకటహర చతుర్థి,ವಕ್ರತುಂಡ ಸಂಕಷ್ಟಿ/ಸಂಕಷ್ಟಹರ ಚತುರ್ಥಿ,वक्रथुण्ड संकष्टी/संकटहर चतुर्थी,വക്രതുണ്ഡ പ്രതിസന്ധി/സങ്കടഹര ചതുർത്ഥി
Varalakshmi Vratam,15,,4,,6,,0,varalakshmi.png,Varalakshmi Vratam,வரலக்ஷ்மி விரதம்,వరలక్ష్మీ వ్రతం,ವರಲಕ್ಷ್ಮೀ ವ್ರತ,वरलक्ष्मी व्रतम्,വരലക്ഷ്മി വ്രതം
Varuthini Ekadashi,26,,2,,,,2,ekadashi.png,Varuthini Ekadashi,வருத்தினி ஏகாதசி,వరుత్తిని ఏకాదశి,ವರುಥಿನಿ ಏಕಾದಶಿ,वरुथिनी एकादशी,വറുതിനി ഏകാദശി
Vasant Panchami,5,,10,,,,0,sarasvathi.png,Vasant Panchami,வசந்த பஞ்சமி,వసంత పంచమి,ವಸಂತ ಪಂಚಮಿ,वसंत पंचमी,വസന്ത പഞ്ചമി
Vignaraja Sankashti,19,,7,,,,2,chathurthi.png,Vignaraja Sankashti/Sankatahara Chathurthi,விக்னராஜ சங்கஷ்டி/சங்கடஹர சதுர்த்தி,విఘ్నరాజ సంక్షోభం/సంకటహర చతుర్థి,ವಿಘ್ನರಾಜ ಸಂಕಷ್ಟಿ/ಸಂಕಷ್ಟಹರ ಚತುರ್ಥಿ,विज्ञानराजा संकष्टी/संकटहर चतुर्थी,വിഘ്നരാജ പ്രതിസന്ധി/സങ്കടഹര ചതുർത്ഥി
Vijaya Ekadashi,26,,12,,,,2,ekadashi.png,Vijaya Ekadashi,விஜய ஏகாதசி,విజయ ఏకాదశి,ವಿಜಯ ಏಕಾದಶಿ,विजया एकादशी,വിജയ ഏകാദശി
Vijayadashami,10,,6,,,,0,vijayadasami.png,Vijayadashami/Ayutha Puja,விஜயதசமி,విజయదశమి,ವಿಜಯದಶಮಿ,विजयादशमी,വിജയദശമി
Vikata Sankashti,19,,2,,,,2,chathurthi.png,Vikata Sankashti/Sankatahara Chathurthi,விகட சங்கஷ்டி/சங்கடஹர சதுர்த்தி,వికట సంక్షోభం/సంకటహర చతుర్థి,ವಿಕಟ ಸಂಕಷ್ಟಿ/ಸಂಕಷ್ಟಹರ ಚತುರ್ಥಿ,विकट संकष्टी/संकटहर चतुर्थी,വികട പ്രതിസന്ധി/സങ്കടഹര ചതുർത്ഥി
Vinayaka Chaturthi,4,,5,,,,0,chathurthi.png,Vinayaka Chaturthi,விநாயக சதுர்த்தி,వినాయక చతుర్థి,ವಿನಾಯಕ ಚತುರ್ಥಿ,विनायक चतुर्थी,വിനായക ചതുർത്ഥി
Viruchiga  Sankranthi,,,8,1,,,0,vrichigam.jpg,Viruchiga  Sankranthi,விருச்சிக சங்கராந்தி,విరుచిగా సంక్రాంతి,ವಿರುಚಿಗ ಸಂಕ್ರಾಂತಿ,विरुचिगा संक्रांति,വിരുചിഗ സംക്രാന്തി
Vishu,,,1,1,,,0,festival.png,Vishu,விஷு,విషు,ವಿಶು,विशु,വിഷു
Vivaha Panchami,5,,9,,,,2,festival.png,Vivaha Panchami,விவாஹ பஞ்சமி,వివాహ పంచమి,ವಿವಾಹ ಪಂಚಮಿ,विवाह पंचमी,വിവാഹ പഞ്ചമി
Yamuna Chhath,6,,1,,,,0,festival.png,Yamuna Chhath/Yamuna Jayanthi,யமுனா சாத்/யமுனா ஜெயந்தி,యమునా ఛత్/యమునా జయంతి,ಯಮುನಾ ಛಾತ್/ಯಮುನಾ ಜಯಂತಿ,यमुना छठ/यमुना जयंती,യമുനാ ഛത്ത്/യമുനാ ജയന്തി
Yogini Ekadashi,26,,4,,,,2,ekadashi.png,Yogini Ekadashi,யோகினி ஏகாதசி,యోగిని ఏకాదశి,ಯೋಗಿನಿ ಏಕಾದಶಿ,योगिनी एकादशी,യോഗിനി ഏകാദശി
Maattu Pongal,,,10,2,,,0,festival.png,Maattu Pongal,மாட்டுப் பொங்கல்,మాట్టు పొంగల్,ಮಾತು ಪೊಂಗಲ್,माट्टू पोंगल,മാട്ടു പൊങ്കൽ
Kaanum Pongal,,,10,3,,,0,festival.png,Kaanum Pongal,காணும் பொங்கல்,కానుం పొంగల్,ಕಾನುಮ್ ಪೊಂಗಲ್,काणुम पोंगल,കാണും പൊങ്കൽ
Bogi Pandigai,,,9,29,,,0,festival.png,Bogi Pandigai,போகி பண்டிகை,బోగి పండిగై,ಬೋಗಿ ಪಾಂಡಿಗೈ,बोगी पंडिगाई,ബോഗി പാണ്ടിഗൈ
